Sinus,Cosinus,Tangente,Arcsinus
Réel,Complexe,Imaginaire,Rationnel
Injection,Surjection,Bijection,Application
Groupe,Anneau,Corps,Magma
Matrice,Vecteur,Scalaire,Base
Somme,Produit,Union,Intersection
Croissante,Décroissante,Monotone,Constante
Limite,Adhérence,Continuité,Dérivabilité
Majorant,Minorant,Maximum,Minimum
Suites,Séries,Familles,Sommables
Noyau,Image,Rang,Vect
Relation,Équivalence,Ordre,Congruence
Ensemble,Partie,Élément,Univers
Vrai,Faux,Proposition,Assertion
Absolu,Relatif,Entier,Naturel
Logarithme,Exponentielle,Puissance,Racine
Trigonométrie,Géométrie,Analyse,Algèbre
Dimension,Cardinal,Degré,Valuation
Bézout,Gauss,Newton,Euler
Linéaire,Affine,Différentielle,Polynomiale
Cercle,Plan,Droite,Espace
Argument,Module,Affixe,Conjugué
Variable,Paramètre,Inconnue,Indice
Ouvert,Fermé,Borné,Compact
Induction,Récurrence,Absurde,Analyse
Sommet,Pivot,Coefficient,Scalaire
Image,Antécédent,Noyau,Graphe
Inverse,Réciproque,Opposé,Conjugué
Pair,Impair,Périodique,Symétrique
Uniforme,Strict,Large,Local
Abscisse,Ordonnée,Coordonnée,Polaire
Développement,Approximation,Équivalent,Négligeable
Théorème,Lemme,Corollaire,Axiome
Sommable,Convergente,Divergente,Bornée
Réflexive,Symétrique,Transitive,Antisymétrique
Union,Intersection,Complémentaire,Différence
Scalaire,Vectoriel,Matriciel,Linéaire
Initialisation,Hérédité,Conclusion,Hypothèse
Moyenne,Variance,Espérance,Probabilité
Infini,Nul,Unitaire,Premier
Algorithme,Calcul,Démonstration,Système
Composée,Identité,Restriction,Prolongement
Base,Famille,Système,Génératrice
Négatif,Positif,Nul,Strict
Cercle,Angle,Radian,Degré
Discret,Continu,Fini,Dénombrable
Formule,Identité,Égalité,Inégalité
Barycentre,Vecteur,Point,Norme
Projecteur,Endomorphisme,Symétrie,Rotation
Trace,Déterminant,Comatrice,Transposée
Pivot,Ligne,Colonne,Coefficient
Modulo,Reste,Quotient,Diviseur
Divisibilité,Congruence,Primalité,Parité
Maximum,Supremum,Extremum,Majorant
Distance,Norme,Valeur,Module
Voisinage,Intervalle,Segment,Ouvert
Primitive,Intégrale,Dérivée,Variation
Binôme,Factorielle,Combinaison,Arrangement
Libre,Liée,Génératrice,Ordonnée
Logique,Prédicat,Quantificateur,Connecteur
Physique,Chimie,Mathématiques,Science
Electron,Proton,Neutron,Positon
Vecteur,Scalaire,Tenseur,Matrice
Vitesse,Acceleration,Position,Trajectoire
Energie,Puissance,Travail,Enthalpie
Force,Moment,Couple,Tension
Lumiere,Onde,Photon,Rayonnement
Lentille,Miroir,Prisme,Dioptre
Foyer,Objet,Image,Sommet
Amplitude,Phase,Frequence,Periode
Sinus,Cosinus,Tangente,Arcsinus
Derivee,Integrale,Primitive,Gradient
Rotation,Translation,Oscillation,Precession
Solide,Liquide,Gazeux,Plasma
Fusion,Fission,Sublimation,Condensation
Pression,Volume,Temperature,Entropie
Isotherme,Isobare,Isochore,Adiabatique
Resistance,Bobine,Condensateur,Generateur
Volt,Ampere,Ohm,Farad
Maille,Noeud,Branche,Dipole
Champ,Potentiel,Flux,Circulation
Aimant,Solenoide,Boussole,Dipole
Inductance,Capacite,Admittance,Impedance
Loi,Theoreme,Principe,Postulat
Action,Reaction,Interaction,Collision
Cinematique,Dynamique,Statique,Energetique
Refraction,Reflexion,Diffraction,Interference
Spectre,Raie,Continu,Frange
Prisme,Reseau,Goniometre,Collimateur
Atome,Molecule,Ion,Isotope
Orbitale,Couche,Souscouche,Spin
Liaison,Hybridation,Mesomerie,Vecteur
Acide,Base,Nucleophile,Electrophile
Oxydant,Reducteur,Anode,Cathode
Titrage,Dosage,Etalonnage,Prelevement
Becher,Erouvette,Burette,Pipette
Solvant,Solution,Melange,Dilution
Equilibre,Evolution,Cinetique,Catalyse
Vitesse,Ordre,Constante,Facteur
Mole,Masse,Volume,Quantite
Conductivite,Resistivite,Permittivite,Permeabilite
Convection,Conduction,Rayonnement,Diffusion
Fluide,Gaz,Liquide,Ecoulement
Pendule,Ressort,Oscillateur,Amortisseur
Reel,Imaginaire,Complexe,Module
Base,Repere,Referentiel,Coordonnees
Polaire,Cylindrique,Spherique,Cartesien
Divergence,Rotationnel,Laplacien,Gradient
Onde,Signal,Bruit,Harmonique
Fondamental,Harmonique,Excite,Stable
Ketchup,Mayonnaise,Moutarde,Vinaigre
Jupiter,Saturne,Mars,Venus
Galilee,Newton,Kepler,Einstein
Maxwell,Faraday,Ampere,Coulomb
Planck,Bohr,Schrodinger,Heisenberg
Curie,Becquerel,Lavoisier,Mendeleiev
Hydrogene,Helium,Carbone,Azote
Fer,Cuivre,Argent,Or
Metal,Alcalin,Halogene,Gazrare
Alcool,Cétone,Aldehyde,Ester
Alcène,Alcane,Alcyne,Benzène
Amine,Amide,Nitrile,Nitro
Isomère,Enantiomère,Diastereoisomere,Conformère
Zitoun,Olive,Pistache,Cacahuete
Espace,Temps,Matiere,Vide
Oculaire,Objectif,Diaphragme,Capteur
Signal,Spectre,Filtre,Amplificateur
Passebas,Passehaut,Passebande,Coupebande
Gain,Phase,Decibel,Bode
Resonance,Coupure,Bande,Selectivite
Iteratif,Recursif,Convergent,Divergent
Limite,Continuite,Derivabilite,Integrabilite
Vecteur,Droite,Plan,Espace
Cercle,Ellipse,Parabole,Hyperbole
Foyer,Directrice,Excentricite,Sommet
Vitesse,Debit,Flux,Courant
Surcharge,Saturation,Rupture,Seuil
Stable,Instable,Critique,Equilibre
Calcul,Mesure,Incertitude,Erreur
Precision,Justesse,Fidelite,Resolution
Systeme,Environnement,Frontiere,Univers
Ouvert,Ferme,Isole,Adiabatique
Interne,Cinetique,Potentielle,Totale
Chaleur,Travail,Energie,Enthalpie
Reversible,Irreversible,Quasistatique,Brutal
Vapeur,Brouillard,Nuage,Fumee
Ebullition,Evaporation,Calefaction,Echaudage
Anion,Cation,Radical,Complexe
Doublet,Lacune,Liaison,Octet
Sigma,Pi,Delta,Phi
Hybride,Pur,Atomique,Moleculaire
Saturé,Insaturé,Concentré,Dilué
Miscible,Soluble,Volatile,Stable
Filtration,Decantation,Distillation,Extraction
Reflux,Chauffage,Montage,Synthese
Rendement,Purete,Selectivite,Activite
Proton,Neutron,Quark,Electron