Livre,Journal,Magazine,BandeDessinee
Musique,Chant,Danse,Theatre
Ballon,Balle,Palet,Volant
Velo,Moto,Scooter,Trotinette
Cinema,Serie,DessinAnime,Documentaire
Peinture,Dessin,Sculpture,Gravure
Piscine,Plage,Riviere,Bassin
Guitare,Piano,Violon,Flute
Cartes,Echecs,Dames,Dominos
Courir,Marcher,Sauter,Grimper
Football,Rugby,Handball,Basketball
Tennis,Badminton,Squash,PingPong
Ski,Luge,Patin,Surf
Judo,Karate,Boxe,Escrime
Yoga,Pilates,Gym,Fitness
Course,Marathon,Sprint,Relais
Velo,VTT,Route,Cyclisme
Natation,Plongee,Aviron,Voile
Peche,Chasse,Cueillette,Randonnee
Camping,Voyage,Escapade,Croisiere
Jeu,Jouet,Automate,Robot
Puzzle,Enigme,Devinette,Mystere
Radio,Podcast,Disque,Musique
Opera,Concert,Festival,Spectacle
Musee,Galerie,Exposition,Salon
Parc,Square,Jardin,Zoo
Cirque,Fete,Forain,Manège
Echecs,Cartes,Plateau,Societe
Video,Gaming,Console,Arcade
Lecture,Ecriture,Poesie,Roman
Conte,Legende,Mythe,Fable
Chanson,Melodie,Rythme,Paroles
Dessin,Croquis,Ebauche,Esquisse
Photo,Video,Cliche,Image
Guitare,Basse,Ukulele,Banjo
Piano,Clavier,Orgue,Synthe
Batterie,Tambour,Caisse,Percussion
Flute,Clarinette,Hautbois,Saxophone
Trompette,Cor,Trombone,Tuba
Chorale,Orchestre,Groupe,Fanfare
Scène,Plateau,Coulisses,Loges
Acteur,Comedien,Mime,Clown
Danse,Ballet,Valse,Tango
Sport,Match,Tournoi,Championnat
Stade,Gymnase,Terrain,Court
Maillot,Short,Basket,Survetement
Médaille,Coupe,Trophee,Titre
Arbitre,Coach,Entraineur,Capitaine
Supporter,Fan,Public,Spectateur
Billet,Ticket,Entree,Pass
Voyage,Tourisme,Circuit,Sejour
Valise,Sac,Bagage,Sacoche
Avion,Train,Bateau,Bus
Hotel,Camping,Gite,Refuge
Plage,Sable,Soleil,Baignade
Mer,Ocean,Lac,Montagne
Foret,Sentier,Balisage,Carte
Boussole,GPS,Guide,Plan
Peche,Canne,Hameçon,Filet
Chasse,Fusil,Arc,Fleche
Ski,Surf,Patin,Luge
Neige,Glace,Piste,Remontee
Vague,Vent,Voile,Planche
Parachute,Parapente,Planeur,Ballon
Ulm,Avion,Drone,CerfVolant
Jardin,Potager,Verger,Serre
Bricolage,Outil,Atelier,Travaux
Cuisine,Patisserie,Recette,Repas
Vin,Degustation,Cave,Oenologie
Photo,Appareil,Objectif,Flash
Camera,Micro,Perche,Lumiere
Ecran,Projecteur,Toile,Salle
Film,CourtMetrage,LongMetrage,Clip
Scenario,Script,Role,Replique
Livre,Roman,Nouvelle,Essai
Auteur,Ecrivain,Poete,Scenariste
Editeur,Libraire,Bibliotheque,Rayon
Page,Chapitre,Titre,Couverture
Papier,Encre,Plume,Pinceau
Toile,Chevalet,Palette,Couleur
Gouache,Huile,Acrylique,Aquarelle
Ciseau,Gouge,Burin,Maillet
Poterie,Argile,Terre,Glaise
Tissage,Couture,Tricot,Broderie
Laine,Fil,Aiguille,Crochet
Sudoku,MotsFleches,MotsCroises,Logigramme
Billard,Flechette,Bowling,Babyfoot
Casino,Poker,Roulette,Loto
Cirque,Acrobate,Jongleur,Magicien
Tour,Secret,Illusion,Prestidigitation
Manège,GrandHuit,Toboggan,Balançoire
Fete,Bal,Boum,Soiree
Feu,Artifice,Petard,Bougie
Cadeau,Paquet,Ruban,Surprise
Anniversaire,Noel,Paques,Carnaval
Vacances,Repos,Detente,Loisir
Sieste,Sommeil,Reve,Calme
Bavardage,Discussion,Echange,Debat
Rire,Blague,Humour,Comédie
Amitie,Partage,Rencontre,Sortie