Medecin,Infirmier,Dentiste,Pharmacien
Maitre,Professeur,Educateur,Tuteur
Juge,Avocat,Huissier,Notaire
Policier,Gendarme,Gardien,Vigile
Boulanger,Patissier,Boucher,Traiteur
Peintre,Macon,Platrier,Couvreur
Acteur,Chanteur,Musicien,Danseur
Pilote,Chauffeur,Capitaine,Conducteur
Vendeur,Caissier,Client,Marchand
Pompier,Soldat,Sauveteur,Demenageur
Menuisier,Ebéniste,Charpentier,Bûcheron
Forgeron,Serrurier,Mécanicien,Usinage
Cuisinier,Serveur,Plongeur,Patron
Journaliste,Reporter,Ecrivain,Editeur
Artiste,Dessinateur,Sculpteur,Graveur
Facteur,Livreur,Coursier,Messager
Garagiste,Mecanicien,Carrossier,Depanneur
Coiffeur,Barbier,Estheticien,Maquilleur
Agriculteur,Eleveur,Paysan,Fermier
Jardinier,Paysagiste,Elagueur,Fleuriste
Plombier,Chauffagiste,Electricien,Clim
Vétérinaire,Soigneur,Dresseur,Toiletteur
Comptable,Banquier,Assureur,Notaire
Secretaire,Assistant,Directeur,Cadre
Ingenieur,Technicien,Chercheur,Expert
Architecte,Dessinateur,Urbaniste,Geometre
Photographe,Cadreur,Monteur,Realisteur
Informaticien,Codeur,Analyste,Reseau
Vendeur,Agent,Courtier,Promoteur
Marin,Pecheur,Skipper,Matelot
Meneur,Coach,Entraineur,Arbitre
Guide,Hote,Interprete,Traducteur
Eveque,Pretre,Moine,Rabbin
Opticien,Oculiste,Orthoptiste,Audition
Kine,Osteo,Masseur,Pedicure
Bijoutier,Horloger,Orfevre,Graveur
Couturier,Tailleur,Styliste,Modiste
Relieur,Imprimeur,Libraire,Archiviste
Brocanteur,Antiquaire,Chineur,Expert
Ebéniste,Restaurateur,Doreur,Vernisseur
Luthier,Accordeur,Facteur,Artisan
Tailleur,Pierre,Sculpteur,Macon
Verrier,Souffleur,Vitrailliste,Miroitier
Pompiste,Laveur,Gardien,Portier
Balayeur,Eboueur,Nettoyeur,Agent
Facteur,Guichetier,Trieur,Receveur
Douanier,Militaire,Gendarme,Vigile
Avocat,Juriste,Conseil,Expert
Maire,Depute,Ministre,Elu
Facteur,Messager,Porteur,Coursier
Boucher,Charcutier,Tripier,Volailler
Epicier,Primeur,Marchand,Forain
Placier,Commercial,Vrp,Representant
Chauffeur,Livreur,Routier,Taxi
Pilote,Steward,Hotesse,Controleur
Marin,Mecanicien,Commissaire,Capitaine
Soldat,Officier,Sergent,Colonel
Pompier,Secouriste,Brancardier,Pilote
Agent,Enqueteur,Detective,Espion
Maitre,Instituteur,Prof,Directeur
Eleve,Etudiant,Apprenti,Stagiaire
Chercheur,Savant,Biologiste,Chimiste
Geologue,Archeologue,Historien,Sociologue
Philosophe,Ecrivain,Poete,Penseur
Peintre,Illustrateur,Graphiste,Webdesign
Codeur,Programmeur,Developpeur,Hacker
Admin,Operateur,Technicien,Support
Banquier,Trader,Analyste,Conseiller
Caissier,Hote,Vendeur,Rayoniste
Manutentionnaire,Cariste,Magasinier,Docker
Ouvrier,Manoeuvre,Artisan,Chef
Patron,Gerant,Pdg,Manager
Employe,Salarie,Cadre,Dirigeant
Chomeur,Retraite,Etudiant,Independant
Bénévole,Volontaire,Activiste,Membre
Pelerin,Voyageur,Explorateur,Touriste
Guide,Accompagnateur,Animateur,Moniteur
Arbitre,Juge,Expert,Mediateur
Pretre,Pasteur,Imam,Moine
Voyant,Mage,Astrologue,Medium
Magicien,Jongleur,Acrobate,Clown
Acteur,Doublure,Cascadeur,Figurant
Chanteur,Choriste,Soliste,Musicien
Dj,Animateur,Presentateur,Speaker
Journaliste,Pigiste,Chroniqueur,Critique
Photographe,Paprazzi,Reporter,Cadreur
Styliste,Maquilleur,Coiffeur,Mannequin
Cuisinier,Chef,Second,Commis
Boulanger,Meunier,Patissier,Confiseur
Vigneron,Sommelier,Oenologue,Cave
Brasseur,Distillateur,Barman,Garçon
Fermier,Berger,Chevrier,Vacher
Pecheur,Ostreiculteur,Pisciculteur,Marin
Bucheron,Garde,Forestier,Chasseur
Mineur,Carrier,Foreur,Gazier
Electricien,Electronicien,Domoticien,Ligne
Mecanicien,Ajusteur,Soudeur,Chaudronnier
Macon,Coffreur,Ferrailleur,Grutier
Menuisier,Vitrier,Serrurier,Etancheur