Foret,Bois,Jungle,Bosquet
Plage,Sable,Dune,Rivage
Fleuve,Riviere,Ruisseau,Torrent
Montagne,Sommet,Pic,Colline
Soleil,Etoile,Lumiere,Rayon
Nuage,Brouillard,Brume,Vapeur
Pluie,Averse,Ondee,Deluge
Neige,Glace,Givre,Gresil
Arbre,Plante,Arbuste,Vegetal
Fleur,Petale,Bouton,Corolle
Feuille,Branche,Racine,Ecorce
Herbe,Pelouse,Gazon,Prairie
Terre,Sol,Argile,Poussiere
Roche,Pierre,Caillou,Rocher
Sable,Gravier,Galet,Poussiere
Oocean,Mer,Vague,Ecume
Lac,Etang,Mare,Bassin
Desert,Dune,Sable,Steppe
Ile,Atoll,Archipel,Rocher
Grotte,Caverne,Abime,Tunnel
Volcan,Cratere,Lave,Magma
Ciel,Horizon,Espace,Firmament
Vent,Souffle,Brise,Rafale
Orage,Eclair,Tonnerre,Tempete
Foudre,Etincelle,Feu,Chaleur
Lune,Croissant,Astre,Satellite
Etoile,Planete,Comete,Galaxie
Aube,Aurore,Crepuscule,Soir
Matin,Journee,Midi,Minuit
Saison,Printemps,Ete,Automne
Hiver,Froid,Glace,Neige
Chaleur,Canicule,Feu,Soleil
Oiseau,Plume,Aile,Vol
Nid,Oeuf,Coquille,Couvee
Arbre,Tronc,Ecorce,Seve
Fruit,Graine,Noyau,Pepin
Legume,Racine,Tige,Feuille
Champignon,Mousse,Lichen,Fongus
Miel,Ruche,Abeille,Cire
Toile,Araignee,Fil,Cocon
Loup,Renard,Chien,Coyote
Lion,Tigre,Panthere,Chat
Ours,Panda,Koala,Peluche
Poisson,Ecaille,Nageoire,Arete
Requin,Dauphin,Baleine,Orque
Tortue,Carapace,Lent,Rocher
Serpent,Viperre,Lézard,Reptile
Grenouille,Crapaud,Triton,Mare
Insecte,Mouche,Fourmi,Grillon
Papillon,Chenille,Cocon,Aile
Foret,Sapin,Pin,Chene
Fleur,Rose,Tulipe,Marguerite
Jardin,Parc,Potager,Verger
Champ,Pre,Plaine,Vallee
Falaise,Escarpement,Abime,Pente
Source,Cascade,Chute,Jet
Marais,Vase,Boue,Etang
Glace,Banquise,Iceberg,Glacier
Air,Oxygene,Souffle,Vent
Feu,Flamme,Braiser,Cendre
Charbon,Suie,Fumee,Noir
Diamant,Or,Argent,Metal
Cristal,Quartz,Pierre,Bijou
Saphir,Emeraude,Rubis,Gemme
Coton,Laine,Soie,Fibre
Blé,Paille,Foin,Recolte
Vigne,Raisin,Vin,Grappe
Pomme,Poire,Peche,Abricot
Foret,Sentier,Chemin,Route
Montagne,Vallee,Canyon,Gorge
Plage,Coquillage,Crabe,Sable
Mer,Sel,Algue,Corail
Vague,Maree,Courant,Houle
Orage,Grele,Pluie,Vent
Tempete,Ouragan,Cyclone,Typhon
Tornade,Tourbillon,Vent,Entonnoir
Seisme,Secousse,Vibration,Choc
Geyser,Source,Vapeur,Eau
Foret,Clairiere,Lisiere,Taillis
Bambou,Canne,Roseau,Jonc
cactus,Epine,Piquant,Desert
Sapin,Epicea,Meleze,Cedre
Chene,Hetre,Bouleau,Orme
Herbe,Trefle,Luzerne,Foin
Mousse,Lichen,Fougere,Plante
Racine,Bulbe,Oignon,Tubercule
Ecorce,Peau,Cuir,Enveloppe
Plume,Duvet,Poil,Crin
Griffe,Corne,Sabot,Dent
Queue,Nageoire,Aile,Patte
Troupeau,Meute,Essaim,Banc
Ruche,Fourmiliere,Terrier,Nid
Graine,Germe,Pousse,Tige
Sable,Poussiere,Poudre,Farine
Pierre,Marbre,Granit,Ardoise
Ciel,Nuage,Brume,Air
Soleil,Lune,Terre,Mars
Cascade,Torrent,Ruisseau,Source
Sentier,Piste,Trace,Route
Nature,Monde,Univers,Terre